time,network_1_invalid_mean,network_1_invalid_ci_low,network_1_invalid_ci_high,network_1_invalid_run_low,network_1_invalid_run_high,network_2_invalid_mean,network_2_invalid_ci_low,network_2_invalid_ci_high,network_2_invalid_run_low,network_2_invalid_run_high
0,0.0,0.0,0.0,0.0,0.0,0.0,0.0,0.0,0.0,0.0
1,0.07497700000000007,0.0744534811203686,0.07550051887963154,0.059,0.092,0.07504599999999992,0.07455168678021694,0.0755403132197829,0.06,0.091
2,0.12724899999999997,0.12658948383474428,0.12790851616525567,0.10797500000000002,0.149,0.12696500000000002,0.12630959321136406,0.12762040678863598,0.107,0.148
3,0.1636000000000001,0.16285437672356198,0.16434562327643823,0.141,0.187,0.16286500000000007,0.16215144572786797,0.16357855427213217,0.142,0.185
4,0.18879399999999985,0.18803772190988932,0.18955027809011038,0.164,0.213,0.18771499999999988,0.186959418272051,0.18847058172794875,0.166,0.211
5,0.2057339999999998,0.20495244300029614,0.20651555699970348,0.181,0.231,0.20538500000000007,0.20462522369388852,0.2061447763061116,0.18197500000000003,0.23002499999999998
6,0.21835400000000021,0.21752331668803437,0.21918468331196606,0.193,0.245,0.21787400000000035,0.21709614950649295,0.21865185049350774,0.19395000000000004,0.243
7,0.22689000000000012,0.22606479891400622,0.22771520108599402,0.20197500000000004,0.254,0.22625000000000034,0.22545534666632225,0.22704465333367843,0.201,0.252
8,0.23257900000000034,0.23173422702742213,0.23342377297257855,0.206,0.259,0.2321950000000003,0.23137918814234243,0.23301081185765815,0.20797500000000002,0.257
9,0.23625300000000016,0.23543730594987242,0.2370686940501279,0.21,0.263,0.23614800000000027,0.23533183206795452,0.23696416793204603,0.211,0.263
10,0.2391600000000003,0.23832439270484632,0.23999560729515426,0.212,0.265025,0.23922900000000039,0.2384103941065761,0.24004760589342466,0.215,0.265025
11,0.24102499999999993,0.24016433876770849,0.24188566123229138,0.21297500000000003,0.268,0.24108000000000027,0.2402532353883325,0.24190676461166805,0.215,0.267
12,0.2424390000000005,0.24160578474524866,0.24327221525475232,0.217,0.269025,0.24240800000000037,0.24159838500044578,0.24321761499955497,0.217,0.267
13,0.24351200000000006,0.24264151313249155,0.24438248686750857,0.21497500000000003,0.273,0.24328300000000042,0.24243965946178925,0.24412634053821158,0.21797500000000003,0.272
14,0.24381400000000006,0.24296509119793055,0.24466290880206956,0.21797500000000003,0.271,0.24413700000000038,0.24332042666910758,0.24495357333089318,0.218,0.27
15,0.24480600000000033,0.24395555484484943,0.24565644515515123,0.21897500000000003,0.272,0.24445199999999995,0.24363523017132474,0.24526876982867515,0.21897500000000003,0.27
16,0.24470500000000003,0.24386207662339043,0.24554792337660963,0.218,0.271,0.24488999999999989,0.24409773004626661,0.24568226995373316,0.22,0.269025
17,0.24461699999999995,0.2437836877616558,0.2454503122383441,0.219,0.27,0.2454360000000001,0.24460417589258376,0.24626782410741643,0.221,0.274
18,0.24415100000000006,0.24333595863050125,0.24496604136949887,0.217,0.27,0.24487099999999992,0.24405325464943017,0.24568874535056967,0.22,0.272
19,0.24493800000000046,0.24411538859165213,0.2457606114083488,0.22,0.271,0.2453530000000002,0.24451444815485598,0.24619155184514444,0.22,0.272
20,0.24511800000000036,0.2443106476640025,0.24592535233599822,0.22097500000000003,0.272,0.24544900000000003,0.24458224602888345,0.2463157539711166,0.218,0.272
21,0.2448790000000003,0.24403421200635583,0.24572378799364475,0.218,0.271025,0.24520000000000025,0.2443367744127266,0.2460632255872739,0.21897500000000003,0.274
22,0.24450900000000048,0.24367557792577102,0.24534242207422993,0.21797500000000003,0.272,0.24573600000000037,0.2448630639217108,0.24660893607828993,0.22,0.276025
23,0.2452160000000001,0.24433583647673693,0.24609616352326327,0.21697500000000003,0.274,0.24584899999999996,0.24499549963724113,0.2467025003627588,0.22,0.273025
24,0.24547600000000014,0.24463391768326712,0.24631808231673316,0.22,0.272,0.2457360000000004,0.24487881747501353,0.24659318252498727,0.22,0.272
25,0.24569900000000003,0.24485034717602638,0.24654765282397367,0.219,0.274,0.2457450000000004,0.2448921987549247,0.2465978012450761,0.22,0.275
26,0.2459670000000001,0.2451180764606722,0.246815923539328,0.219,0.273,0.24545500000000006,0.24460806715454958,0.24630193284545054,0.219,0.273025
27,0.24672100000000008,0.24587664271622417,0.247565357283776,0.222,0.274,0.24505700000000005,0.244209622833112,0.2459043771668881,0.218,0.272
28,0.24680999999999995,0.2459586656194398,0.2476613343805601,0.22,0.274,0.24565900000000024,0.24481950329151714,0.24649849670848334,0.219,0.273
29,0.24642500000000045,0.24557997986015084,0.24727002013985006,0.22,0.272025,0.24555300000000002,0.24469031538783015,0.2464156846121699,0.21897500000000003,0.271
30,0.24637299999999973,0.2455483303743488,0.24719766962565065,0.219,0.271,0.24559299999999995,0.24474578712064518,0.24644021287935472,0.219,0.273
31,0.24590600000000007,0.2450655592227803,0.24674644077721983,0.22097500000000003,0.272,0.24524500000000068,0.24441730715755186,0.2460726928424495,0.21997500000000003,0.273
32,0.24611700000000034,0.24528532520421195,0.24694867479578872,0.22,0.273,0.24528000000000041,0.24444514037291645,0.24611485962708438,0.219,0.272
33,0.24570300000000056,0.24487289064527487,0.24653310935472625,0.221,0.272025,0.2453089999999996,0.24443460880062345,0.24618339119937577,0.219,0.273
34,0.2456490000000001,0.24480143669116938,0.2464965633088308,0.21897500000000003,0.273,0.24484499999999998,0.2439830962623092,0.24570690373769075,0.21897500000000003,0.273
35,0.24529600000000013,0.2444446780768558,0.24614732192314445,0.218,0.274,0.24488600000000005,0.24403737752340066,0.24573462247659944,0.219,0.273
36,0.24530700000000039,0.24449148095789555,0.24612251904210522,0.218,0.271,0.24506200000000003,0.24420784220855524,0.24591615779144482,0.219,0.272
37,0.24589000000000044,0.24505940646011265,0.24672059353988823,0.22,0.271025,0.24527700000000008,0.24443881536228693,0.24611518463771323,0.219,0.271
38,0.24519300000000005,0.24435362460991222,0.24603237539008788,0.218,0.272,0.24532200000000026,0.24451304360297116,0.24613095639702937,0.22,0.272
39,0.24508700000000008,0.24422824629393064,0.24594575370606953,0.217,0.272,0.24528500000000006,0.24445399481832275,0.24611600518167737,0.22,0.273
40,0.24558900000000045,0.24472531553739119,0.2464526844626097,0.21997500000000003,0.274,0.24511800000000003,0.2442916436725329,0.24594435632746717,0.21997500000000003,0.271
41,0.24544599999999958,0.2445999413603339,0.24629205863966527,0.219,0.272,0.24514299999999978,0.24430570519792402,0.24598029480207553,0.218,0.272
42,0.24469000000000019,0.24387766720753054,0.24550233279246983,0.21997500000000003,0.27,0.24529500000000007,0.24443559157070824,0.2461544084292919,0.217,0.272
43,0.2445399999999997,0.2437136894532069,0.2453663105467925,0.219,0.272,0.24457600000000013,0.24374858305085606,0.2454034169491442,0.219,0.272
44,0.24476299999999998,0.24393120148676112,0.24559479851323884,0.218,0.271025,0.24525600000000009,0.244430187387625,0.24608181261237516,0.219,0.272
45,0.24490100000000037,0.2440532974199941,0.24574870258000664,0.218,0.270025,0.24536600000000022,0.2444960297084059,0.24623597029159455,0.218,0.273
46,0.24519,0.2443891805779087,0.24599081942209128,0.21997500000000003,0.27,0.2451580000000002,0.24430980349348538,0.24600619650651503,0.219,0.271
47,0.24553500000000025,0.24470596606935305,0.24636403393064746,0.219,0.272,0.24514900000000014,0.24432078739879715,0.24597721260120314,0.219,0.271
48,0.2461130000000002,0.24530242451131543,0.24692357548868496,0.22097500000000003,0.271,0.2456809999999999,0.24482412945322826,0.24653787054677154,0.21897500000000003,0.272
49,0.2459119999999999,0.2450795697212938,0.24674443027870602,0.221,0.273,0.2456260000000001,0.24475866787597592,0.24649333212402427,0.219,0.272025
50,0.2451170000000002,0.24427994689190194,0.24595405310809845,0.219,0.272,0.24569600000000003,0.24485588317368612,0.24653611682631393,0.219,0.273025
51,0.2453990000000003,0.24453596197298685,0.24626203802701377,0.219,0.275,0.2455290000000002,0.24467887413534797,0.2463791258646524,0.21997500000000003,0.272
52,0.2453700000000004,0.24452058923789863,0.24621941076210216,0.219,0.272,0.24519500000000002,0.2443938995470111,0.24599610045298895,0.221,0.271
53,0.24525300000000014,0.24442612983769793,0.24607987016230234,0.221,0.271,0.24497000000000008,0.24417163994980984,0.24576836005019032,0.221,0.273
54,0.2448300000000002,0.24399497572719148,0.2456650242728089,0.219,0.271,0.24550300000000033,0.24466933326028234,0.24633666673971832,0.221,0.273
55,0.24464400000000028,0.2437998975462896,0.24548810245371094,0.21797500000000003,0.272,0.24493700000000024,0.24407865028407796,0.2457953497159225,0.218,0.272
56,0.24504800000000024,0.24420077726022574,0.24589522273977474,0.219,0.273,0.24470000000000025,0.24386636091510183,0.24553363908489867,0.218,0.271025
57,0.24496600000000027,0.2441219212807499,0.24581007871925065,0.219,0.273,0.2452360000000003,0.2444101225732446,0.24606187742675598,0.22,0.274
58,0.2451809999999999,0.24431095855970925,0.24605104144029055,0.21697500000000003,0.273,0.2452150000000004,0.24439099998784128,0.24603900001215953,0.219,0.271
59,0.24508400000000022,0.2442161785129298,0.24595182148707065,0.217,0.271,0.24574800000000005,0.2448863739828481,0.246609626017152,0.218,0.274025
60,0.24533200000000027,0.24445648315064697,0.24620751684935357,0.219,0.272025,0.24573499999999973,0.2448838624051293,0.24658613759487016,0.218,0.272025
61,0.24558200000000008,0.24469919742626495,0.2464648025737352,0.219,0.273,0.24594999999999992,0.2450835652874981,0.24681643471250173,0.22,0.274
62,0.24599800000000016,0.24514276280283373,0.2468532371971666,0.219,0.274,0.24587699999999993,0.24501789611392719,0.24673610388607267,0.217,0.274025
63,0.24548000000000023,0.24463747901906271,0.24632252098093774,0.218,0.271025,0.2454479999999998,0.24462624180473683,0.24626975819526278,0.219,0.271
64,0.24532499999999993,0.24446345681948098,0.24618654318051889,0.217,0.273,0.24528700000000037,0.24444526661430077,0.24612873338569996,0.22,0.272
65,0.24481800000000023,0.24395836139338833,0.24567763860661213,0.217,0.272025,0.2453560000000001,0.24450783924546868,0.24620416075453153,0.21697500000000003,0.272
66,0.2450230000000002,0.24418977968720304,0.24585622031279739,0.218,0.272025,0.24511200000000022,0.24426197298017993,0.2459620270198205,0.22,0.273
67,0.24480000000000024,0.24393613764319586,0.24566386235680462,0.217,0.271,0.24501500000000054,0.2441789593844327,0.24585104061556837,0.219,0.272
68,0.2451010000000003,0.24425830286760156,0.24594369713239903,0.218,0.271,0.2452250000000001,0.24439276810302477,0.24605723189697545,0.218,0.272
69,0.24562700000000035,0.24476586643126053,0.24648813356874016,0.22,0.274,0.2457240000000002,0.24486852492481564,0.24657947507518474,0.218,0.273
70,0.24591000000000024,0.24507395219786543,0.24674604780213505,0.221,0.272,0.24557499999999974,0.2446818626077323,0.24646813739226717,0.217,0.273
71,0.24559600000000034,0.24474828928898826,0.24644371071101243,0.21897500000000003,0.272,0.24578200000000008,0.24490861434622888,0.2466553856537713,0.219,0.274
72,0.24578900000000017,0.2449568371727055,0.24662116282729485,0.221,0.272025,0.24595300000000017,0.24513186557817507,0.24677413442182528,0.221,0.272
73,0.2456260000000002,0.24477603027984515,0.24647596972015526,0.221,0.272,0.24562600000000007,0.24482161072154546,0.24643038927845468,0.221,0.272
74,0.24496700000000032,0.24412885289016645,0.2458051471098342,0.218,0.272,0.24611499999999992,0.24526322788501792,0.24696677211498191,0.219,0.273025
75,0.2449490000000002,0.24410747731313356,0.24579052268686682,0.219,0.272,0.2461610000000001,0.24532272634810545,0.24699927365189475,0.221,0.274
76,0.24545600000000006,0.244633426203608,0.24627857379639212,0.22,0.272,0.2455650000000002,0.244702617240217,0.2464273827597834,0.218,0.272025
77,0.24524000000000015,0.24437456243151492,0.24610543756848538,0.218,0.272025,0.2463000000000004,0.24545533117855192,0.2471446688214489,0.21997500000000003,0.273
78,0.2453450000000002,0.24450711888161655,0.24618288111838385,0.219,0.272,0.245995,0.24513820633847802,0.24685179366152196,0.221,0.273025
79,0.24537099999999995,0.24453606263075797,0.24620593736924193,0.219,0.272,0.24569100000000008,0.2448514785572492,0.24653052144275095,0.218,0.272
80,0.2455640000000004,0.24469323918967942,0.24643476081032137,0.22,0.274,0.24519800000000014,0.2443582283309511,0.24603777166904917,0.218,0.273025
81,0.24627100000000024,0.24543311524688347,0.24710888475311701,0.22197500000000003,0.274025,0.24507200000000048,0.24424310977387517,0.2459008902261258,0.218,0.27
82,0.24620100000000025,0.24536765941076244,0.24703434058923807,0.221,0.273025,0.2452940000000002,0.2444427838231761,0.2461452161768243,0.21897500000000003,0.272
83,0.2460709999999999,0.24520032739326555,0.24694167260673425,0.21897500000000003,0.274,0.24483200000000033,0.2440093848053087,0.24565461519469195,0.218,0.271
84,0.2461720000000001,0.24532042058236125,0.24702357941763897,0.22097500000000003,0.274,0.24526500000000018,0.24441878754781426,0.2461112124521861,0.218,0.271
85,0.24554200000000004,0.24470260059357968,0.2463813994064204,0.218,0.271025,0.24550400000000014,0.24463240919534116,0.24637559080465912,0.217,0.272
86,0.24561500000000047,0.24479335065624813,0.2464366493437528,0.21997500000000003,0.272025,0.24577400000000035,0.24492698327947768,0.24662101672052303,0.21897500000000003,0.273025
87,0.24572299999999989,0.24491699144374934,0.24652900855625043,0.221,0.272,0.24575299999999978,0.24490615792849957,0.2465998420715,0.21897500000000003,0.273
88,0.24529600000000007,0.2444873714933261,0.24610462850667403,0.21997500000000003,0.272,0.245579,0.24470440160587434,0.24645359839412564,0.217,0.273
89,0.24589100000000025,0.24507449521726368,0.24670750478273681,0.221,0.272,0.2456450000000001,0.2447923588404202,0.24649764115958003,0.219,0.273
90,0.24531300000000034,0.24450165446470953,0.24612434553529114,0.221,0.271,0.2450010000000003,0.24414603935614254,0.24585596064385806,0.22,0.273
91,0.24604300000000018,0.24525005750901963,0.24683594249098073,0.221,0.27,0.2453730000000003,0.24451151373704405,0.24623448626295658,0.219,0.273
92,0.24584700000000054,0.24501041954970756,0.2466835804502935,0.21897500000000003,0.271,0.24530900000000014,0.24443933590536196,0.24617866409463832,0.217,0.272
93,0.24663299999999996,0.24580669431388816,0.24745930568611177,0.221,0.273,0.24497100000000013,0.2441032024073461,0.24583879759265417,0.217,0.273
94,0.24546000000000023,0.24464028664711857,0.2462797133528819,0.22,0.272,0.24550200000000041,0.24463782611778695,0.24636617388221388,0.21997500000000003,0.274
95,0.24529300000000046,0.24446706473117114,0.24611893526882977,0.218,0.272,0.24530300000000024,0.2444523992577794,0.2461536007422211,0.21997500000000003,0.273
96,0.2451350000000003,0.2443044877711945,0.24596551222880608,0.218,0.272,0.2452940000000004,0.24444988775203327,0.24613811224796753,0.219,0.272025
97,0.24512000000000045,0.24429551287719495,0.24594448712280595,0.22,0.272,0.2457240000000004,0.24486709672792972,0.24658090327207105,0.218,0.273
98,0.2448690000000001,0.24404816756944647,0.2456898324305537,0.22,0.27,0.24550100000000036,0.24464725683428004,0.24635474316572067,0.21797500000000003,0.272
99,0.24466300000000005,0.24383493451734806,0.24549106548265204,0.22,0.271,0.2461830000000007,0.24532303796622265,0.24704296203377876,0.219,0.273
100,0.2450990000000001,0.24423805549910602,0.24595994450089417,0.218,0.273,0.24600600000000003,0.24515250467196667,0.2468594953280334,0.21897500000000003,0.273
