quantity,value
p,0.02
q,0.05
lambda,0.055
d,0.19
epsilon,0.05
fabrication_mode,additive
interval_plotted,both
confidence,0.95
population,1000
runs,1000
steps,100
seed,20260501
a,0.075
b_single,0.05
b_cross_disc,0.23050000000000004
f_single_theory,0.6
f_cross_disc_theory,0.24549918166939438
f_cross_rate_theory,0.23809523809523808
single_terminal_mean,0.6005090000000006
single_terminal_ci_low,0.5995406468300257
single_terminal_ci_high,0.6014773531699755
single_terminal_run_low,0.569
single_terminal_run_high,0.631
dual_network_1_terminal_mean,0.2450990000000001
dual_network_1_terminal_ci_low,0.24423805549910602
dual_network_1_terminal_ci_high,0.24595994450089417
dual_network_2_terminal_mean,0.24600600000000003
dual_network_2_terminal_ci_low,0.24515250467196667
dual_network_2_terminal_ci_high,0.2468594953280334
required_total_correction_for_epsilon,1.425
discrete_attainable,False
n_min_disc,unattainable
n_min_rate,9
bernoulli_asymptotic_floor,0.06976744186046512
f_rate_at_n_min,0.04559270516717325
f_rate_before_n_min,0.05154639175257732
