time,single_invalid_mean,single_invalid_ci_low,single_invalid_ci_high,single_invalid_run_low,single_invalid_run_high,single_valid_mean,single_valid_ci_low,single_valid_ci_high,single_valid_run_low,single_valid_run_high
0,0.0,0.0,0.0,0.0,0.0,1.0,1.0,1.0,1.0,1.0
1,0.07483000000000015,0.07431664767253232,0.07534335232746797,0.059,0.091,0.9251699999999998,0.924656647672532,0.9256833523274677,0.909,0.9410000000000001
2,0.14093500000000012,0.14024514094975396,0.14162485905024627,0.119,0.163,0.8590649999999999,0.8583751409497538,0.8597548590502461,0.837,0.881
3,0.19843799999999948,0.1976508567770092,0.19922514322298976,0.17395000000000002,0.22402499999999997,0.8015620000000006,0.8007748567770102,0.8023491432229908,0.7759750000000001,0.82605
4,0.24853299999999995,0.24766932704197653,0.24939667295802337,0.22197500000000003,0.274,0.7514670000000001,0.7506033270419766,0.7523306729580235,0.726,0.778025
5,0.2925329999999999,0.2916314240075329,0.29343457599246686,0.262,0.318,0.7074670000000001,0.7065654240075332,0.7083685759924672,0.6819999999999999,0.738
6,0.3309429999999999,0.3300112195110189,0.33187478048898084,0.302,0.359025,0.6690570000000001,0.6681252195110192,0.669988780488981,0.6409750000000001,0.698
7,0.3645159999999999,0.3635594573972444,0.3654725426027554,0.333,0.394025,0.6354840000000002,0.6345274573972446,0.6364405426027556,0.6059749999999999,0.667
8,0.394017,0.3930531987489924,0.3949808012510076,0.362975,0.425,0.6059829999999999,0.6050191987489923,0.6069468012510075,0.575,0.637025
9,0.4194809999999991,0.41853530071597494,0.42042669928402326,0.388,0.451,0.5805190000000009,0.5795733007159767,0.5814646992840251,0.5489999999999999,0.612
10,0.44162499999999916,0.44069140006568386,0.44255859993431446,0.411,0.472,0.5583750000000008,0.5574414000656855,0.5593085999343161,0.528,0.589
11,0.46153599999999984,0.46058621282722895,0.4624857871727707,0.432,0.49,0.5384640000000002,0.5375142128272292,0.5394137871727711,0.51,0.5680000000000001
12,0.478687000000001,0.47772991628302625,0.4796440837169757,0.450975,0.509,0.521312999999999,0.5203559162830242,0.5222700837169738,0.491,0.549025
13,0.4937919999999997,0.49282981589535274,0.4947541841046466,0.46597500000000003,0.524,0.5062080000000003,0.5052458158953534,0.5071701841046472,0.476,0.534025
14,0.5069489999999999,0.505982876158912,0.5079151238410877,0.478,0.539,0.49305100000000013,0.4920848761589123,0.494017123841088,0.46099999999999997,0.522
15,0.5186739999999992,0.517713730116558,0.5196342698834404,0.489,0.550025,0.4813260000000008,0.4803657301165596,0.48228626988344203,0.449975,0.511
16,0.5288539999999993,0.5278895486965292,0.5298184513034694,0.499975,0.561,0.47114600000000073,0.4701815486965306,0.47211045130347085,0.43899999999999995,0.5000249999999999
17,0.5374,0.5364198414503026,0.5383801585496973,0.5079750000000001,0.569,0.4626,0.46161984145030266,0.46358015854969736,0.43100000000000005,0.49202499999999993
18,0.5453369999999994,0.5443772834697512,0.5462967165302476,0.513,0.5760249999999999,0.4546630000000006,0.4537032834697524,0.4556227165302488,0.4239750000000001,0.487
19,0.5522929999999993,0.5513402852510928,0.5532457147489057,0.523,0.5830249999999999,0.44770700000000074,0.4467542852510943,0.4486597147489072,0.4169750000000001,0.477
20,0.5581519999999994,0.5571805208092994,0.5591234791906995,0.529,0.5890249999999999,0.4418480000000006,0.4408765208093005,0.44281947919070064,0.4109750000000001,0.471
21,0.5641259999999995,0.5631510137900897,0.5651009862099092,0.534,0.596,0.43587400000000054,0.43489901379009077,0.4368489862099103,0.404,0.46599999999999997
22,0.5686880000000002,0.5677279525226296,0.5696480474773707,0.5379750000000001,0.598,0.4313119999999998,0.43035195252262926,0.43227204747737036,0.402,0.4620249999999999
23,0.5721320000000006,0.5711461525767982,0.573117847423203,0.541,0.603,0.42786799999999936,0.42688215257679696,0.42885384742320176,0.397,0.45899999999999996
24,0.576105,0.5751309216167748,0.5770790783832251,0.546,0.609,0.423895,0.42292092161677486,0.4248690783832252,0.391,0.45399999999999996
25,0.5792820000000001,0.5782819480471675,0.5802820519528327,0.548,0.612,0.4207179999999999,0.41971794804716733,0.4217180519528325,0.388,0.45199999999999996
26,0.5816789999999992,0.5806788567627876,0.5826791432372107,0.55,0.6130249999999999,0.41832100000000083,0.4173208567627893,0.41932114323721237,0.38697500000000007,0.44999999999999996
27,0.5841250000000012,0.5831123445841268,0.5851376554158757,0.554,0.618,0.4158749999999988,0.4148623445841243,0.41688765541587325,0.382,0.44599999999999995
28,0.5862720000000008,0.5852893259876417,0.5872546740123599,0.5559750000000001,0.62,0.4137279999999992,0.41274532598764013,0.4147106740123583,0.38,0.4440249999999999
29,0.5881570000000005,0.5871566945427298,0.5891573054572712,0.5579750000000001,0.6200249999999999,0.4118429999999995,0.4108426945427288,0.4128433054572702,0.37997500000000006,0.4420249999999999
30,0.589757000000001,0.5887786793013219,0.5907353206986801,0.5589750000000001,0.622,0.410242999999999,0.40926467930131993,0.4112213206986781,0.378,0.4410249999999999
31,0.591300000000001,0.5903025747731429,0.5922974252268592,0.5579750000000001,0.623,0.40869999999999895,0.40770257477314076,0.40969742522685715,0.377,0.4420249999999999
32,0.5923160000000005,0.5913331731380932,0.5932988268619078,0.5619750000000001,0.622,0.4076839999999995,0.4067011731380922,0.4086668268619068,0.378,0.4380249999999999
33,0.5933970000000007,0.592409000257333,0.5943849997426685,0.563,0.624,0.40660299999999927,0.40561500025733155,0.407590999742667,0.376,0.43700000000000006
34,0.5947359999999996,0.593757387792909,0.5957146122070902,0.564,0.625,0.4052640000000004,0.4042853877929098,0.406242612207091,0.375,0.43600000000000005
35,0.5954390000000012,0.5944699911267337,0.5964080088732686,0.564,0.625,0.40456099999999884,0.4035919911267314,0.4055300088732663,0.375,0.43600000000000005
36,0.5960880000000008,0.595110618545854,0.5970653814541477,0.564,0.625,0.40391199999999916,0.40293461854585233,0.404889381454146,0.375,0.43600000000000005
37,0.5963590000000013,0.5953582337991706,0.597359766200832,0.563,0.627,0.4036409999999987,0.402640233799168,0.40464176620082937,0.373,0.43700000000000006
38,0.5971699999999999,0.5961778373598184,0.5981621626401813,0.564,0.629,0.40283000000000013,0.4018378373598187,0.40382216264018156,0.371,0.43600000000000005
39,0.5974550000000012,0.596463064355251,0.5984469356447514,0.565,0.627,0.4025449999999988,0.4015530643552486,0.403536935644749,0.373,0.43500000000000005
40,0.5973149999999998,0.5963190682992356,0.598310931700764,0.565975,0.628,0.4026850000000002,0.401689068299236,0.40368093170076436,0.372,0.434025
41,0.5979739999999999,0.5969572783970813,0.5989907216029184,0.565,0.631,0.4020260000000001,0.40100927839708156,0.40304272160291865,0.369,0.43500000000000005
42,0.5981180000000006,0.5971029083502692,0.5991330916497319,0.565975,0.632,0.4018819999999994,0.40086690835026806,0.40289709164973075,0.368,0.434025
43,0.5980000000000004,0.5970028138260782,0.5989971861739226,0.567,0.629025,0.4019999999999996,0.4010028138260774,0.4029971861739218,0.37097500000000005,0.43300000000000005
44,0.5984150000000013,0.5974352951198978,0.5993947048801047,0.566975,0.629,0.40158499999999875,0.4006052951198953,0.4025647048801022,0.371,0.433025
45,0.5990130000000016,0.5980450223344875,0.5999809776655156,0.567,0.629,0.40098699999999843,0.4000190223344844,0.40195497766551247,0.371,0.43300000000000005
46,0.5989710000000008,0.5979854381683835,0.5999565618316182,0.567975,0.633,0.4010289999999992,0.40004343816838184,0.40201456183161655,0.367,0.432025
47,0.5993690000000012,0.598405417953578,0.6003325820464243,0.569975,0.631025,0.40063099999999885,0.39966741795357574,0.40159458204642196,0.36897500000000005,0.430025
48,0.5993130000000008,0.5983486556607407,0.6002773443392608,0.569,0.631,0.40068699999999924,0.39972265566073917,0.4016513443392593,0.369,0.43100000000000005
49,0.5993890000000006,0.5984183666816609,0.6003596333183403,0.57,0.631,0.4006109999999994,0.3996403666816597,0.40158163331833907,0.369,0.43000000000000005
50,0.5994989999999999,0.5985103415441868,0.600487658455813,0.568,0.632,0.4005010000000001,0.399512341544187,0.4014896584558132,0.368,0.43200000000000005
51,0.5997380000000008,0.5987563138773596,0.6007196861226419,0.57,0.632,0.40026199999999923,0.3992803138773581,0.4012436861226404,0.368,0.43000000000000005
52,0.5998410000000013,0.5988865581959883,0.6007954418040142,0.571,0.630025,0.4001589999999987,0.39920455819598577,0.40111344180401165,0.36997500000000005,0.42900000000000005
53,0.6000410000000003,0.599065695968781,0.6010163040312195,0.569,0.63,0.39995899999999973,0.39898369596878047,0.400934304031219,0.37,0.43100000000000005
54,0.6002880000000002,0.5993008185700683,0.601275181429932,0.569975,0.631,0.39971199999999985,0.39872481857006803,0.40069918142993166,0.369,0.430025
55,0.6000270000000014,0.5990515994727101,0.6010024005272927,0.568,0.63,0.3999729999999986,0.3989975994727073,0.40094840052728986,0.37,0.43200000000000005
56,0.6001050000000011,0.5991374849568122,0.60107251504319,0.571,0.630025,0.3998949999999989,0.39892748495680996,0.4008625150431878,0.36997500000000005,0.42900000000000005
57,0.6002590000000009,0.5993103081687042,0.6012076918312975,0.569,0.631,0.3997409999999991,0.3987923081687025,0.40068969183129577,0.369,0.43100000000000005
58,0.6001850000000003,0.5992464492243808,0.6011235507756199,0.569,0.63,0.3998149999999997,0.39887644922438015,0.40075355077561925,0.37,0.43100000000000005
59,0.6002750000000004,0.5993171324555605,0.6012328675444404,0.569,0.63,0.39972499999999955,0.3987671324555596,0.4006828675444395,0.37,0.43100000000000005
60,0.600567000000001,0.599604806353918,0.6015291936460839,0.57,0.631025,0.39943299999999904,0.3984708063539161,0.400395193646082,0.36897500000000005,0.43000000000000005
61,0.6003610000000011,0.5993995956295908,0.6013224043704115,0.569975,0.631,0.39963899999999886,0.3986775956295885,0.4006004043704092,0.369,0.430025
62,0.6005430000000004,0.599583438301448,0.6015025616985528,0.570975,0.63,0.3994569999999996,0.39849743830144724,0.400416561698552,0.37,0.429025
63,0.6003730000000005,0.5993959459042703,0.6013500540957307,0.569,0.63,0.3996269999999995,0.3986499459042693,0.40060405409572974,0.37,0.43100000000000005
64,0.6008490000000004,0.5998832865981012,0.6018147134018996,0.57,0.631,0.3991509999999996,0.3981852865981004,0.4001167134018988,0.369,0.43000000000000005
65,0.6012060000000008,0.6002264113272427,0.6021855886727588,0.57,0.632,0.3987939999999992,0.39781441132724116,0.39977358867275725,0.368,0.43000000000000005
66,0.6007050000000009,0.5997206097146314,0.6016893902853705,0.569,0.630025,0.39929499999999907,0.3983106097146295,0.40027939028536863,0.36997500000000005,0.43100000000000005
67,0.6006630000000008,0.5997000554848344,0.6016259445151673,0.572,0.630025,0.39933699999999916,0.39837405548483273,0.4002999445151656,0.36997500000000005,0.42800000000000005
68,0.6008570000000019,0.5998901159495696,0.6018238840504341,0.569975,0.631025,0.39914299999999814,0.3981761159495659,0.40010988405043035,0.36897500000000005,0.430025
69,0.6004190000000009,0.5994430848095116,0.6013949151904903,0.568,0.63,0.3995809999999991,0.39860508480950974,0.4005569151904884,0.37,0.43200000000000005
70,0.6001450000000002,0.599152610900659,0.6011373890993413,0.568975,0.633,0.39985499999999985,0.39886261090065867,0.40084738909934103,0.367,0.431025
71,0.6002450000000003,0.5992640081852203,0.6012259918147802,0.569975,0.631025,0.39975499999999975,0.3987740081852198,0.4007359918147797,0.36897500000000005,0.430025
72,0.5998170000000009,0.5988354663502025,0.6007985336497994,0.568,0.631,0.40018299999999907,0.3992014663502006,0.40116453364979754,0.369,0.43200000000000005
73,0.5999500000000009,0.5989803936454297,0.6009196063545721,0.569975,0.631,0.40004999999999913,0.3990803936454279,0.40101960635457035,0.369,0.430025
74,0.5998140000000006,0.5988323059493018,0.6007956940506994,0.569975,0.630025,0.4001859999999994,0.39920430594930056,0.4011676940506982,0.36997500000000005,0.430025
75,0.599994,0.5989879188569777,0.6010000811430224,0.569,0.633,0.400006,0.3989999188569776,0.40101208114302234,0.367,0.43100000000000005
76,0.5999260000000011,0.5989207016139364,0.6009312983860657,0.568,0.632,0.40007399999999893,0.39906870161393426,0.4010792983860636,0.368,0.43200000000000005
77,0.6000410000000007,0.5990589223238798,0.6010230776761216,0.569975,0.632,0.3999589999999993,0.3989769223238784,0.4009410776761202,0.368,0.430025
78,0.6004020000000007,0.5994337173630283,0.601370282636973,0.568975,0.633,0.39959799999999934,0.398629717363027,0.4005662826369717,0.367,0.431025
79,0.6005360000000005,0.5995583895024684,0.6015136104975326,0.56895,0.630025,0.3994639999999995,0.3984863895024674,0.4004416104975316,0.36997500000000005,0.43105000000000004
80,0.6004340000000008,0.599465480609442,0.6014025193905596,0.570975,0.632,0.3995659999999992,0.39859748060944045,0.40053451939055795,0.368,0.429025
81,0.6002810000000012,0.5993156533144005,0.6012463466856018,0.568,0.631,0.3997189999999988,0.39875365331439816,0.4006843466855995,0.369,0.43200000000000005
82,0.6004660000000012,0.5995131769006284,0.6014188230993739,0.570975,0.630025,0.39953399999999883,0.3985811769006261,0.40048682309937156,0.36997500000000005,0.429025
83,0.6003840000000003,0.5994114889650143,0.6013565110349862,0.569,0.631,0.39961599999999975,0.3986434889650138,0.4005885110349857,0.369,0.43100000000000005
84,0.6001710000000005,0.5992110023842384,0.6011309976157625,0.57,0.630025,0.39982899999999955,0.3988690023842375,0.4007889976157616,0.36997500000000005,0.43000000000000005
85,0.6004420000000008,0.599488096366563,0.6013959036334386,0.571,0.631,0.3995579999999992,0.39860409636656136,0.400511903633437,0.369,0.42900000000000005
86,0.6006320000000016,0.599688130324071,0.6015758696759322,0.571,0.630025,0.3993679999999984,0.39842413032406776,0.400311869675929,0.36997500000000005,0.42900000000000005
87,0.6007700000000009,0.5998178828923654,0.6017221171076365,0.571,0.631,0.3992299999999991,0.39827788289236354,0.4001821171076346,0.369,0.42900000000000005
88,0.6002419999999999,0.5993035789853706,0.6011804210146293,0.571,0.631,0.39975800000000006,0.3988195789853707,0.40069642101462943,0.369,0.42900000000000005
89,0.6001490000000012,0.599230509747281,0.6010674902527213,0.571,0.629,0.39985099999999885,0.3989325097472787,0.400769490252719,0.371,0.42900000000000005
90,0.6001880000000003,0.5992669013440403,0.6011090986559603,0.571,0.628,0.3998119999999997,0.3988909013440397,0.40073309865595974,0.372,0.42900000000000005
91,0.6001040000000012,0.5991502887754072,0.6010577112245952,0.569,0.629,0.3998959999999988,0.39894228877540483,0.4008497112245928,0.371,0.43100000000000005
92,0.6000980000000008,0.5991363242560079,0.6010596757439937,0.571,0.631,0.3999019999999992,0.39894032425600634,0.40086367574399207,0.369,0.42900000000000005
93,0.5998770000000012,0.5988947020011206,0.6008592979988818,0.568,0.631025,0.4001229999999988,0.3991407020011182,0.4011052979988794,0.36897500000000005,0.43200000000000005
94,0.5999090000000005,0.5989463844113276,0.6008716155886733,0.57,0.63,0.40009099999999953,0.3991283844113267,0.40105361558867236,0.37,0.43000000000000005
95,0.5995870000000011,0.598627990914499,0.6005460090855032,0.569,0.63,0.4004129999999989,0.39945399091449685,0.40137200908550097,0.37,0.43100000000000005
96,0.5998399999999999,0.5988941812595853,0.6007858187404146,0.568,0.629025,0.40016000000000007,0.3992141812595854,0.40110581874041473,0.37097500000000005,0.43200000000000005
97,0.6003670000000002,0.5994286919331543,0.6013053080668461,0.57,0.629,0.3996329999999998,0.3986946919331539,0.4005713080668457,0.371,0.43000000000000005
98,0.6001640000000007,0.5992198156047169,0.6011081843952845,0.57,0.6280249999999999,0.3998359999999993,0.39889181560471554,0.40078018439528307,0.37197500000000006,0.43000000000000005
99,0.6004470000000006,0.5994994858233282,0.601394514176673,0.569975,0.63,0.3995529999999994,0.398605485823327,0.40050051417667176,0.37,0.430025
100,0.6005090000000006,0.5995406468300257,0.6014773531699755,0.569,0.631,0.3994909999999994,0.3985226468300245,0.4004593531699743,0.369,0.43100000000000005
